recall@5,ndcg@5,recall@10,ndcg@10,recall@50,ndcg@50,rmse
0.0,0.0,0.0,0.0,0.04266598639086677,0.017014465577567046,1.1337013954893416
